label;url
Ассенизационная машина;https://avatars.mds.yandex.net/i?id=11db38e774b4b5872a8d212ee335fe871f1859a186c05f29-12496338-images-thumbs&n=13
Ассенизационная машина;https://avatars.mds.yandex.net/get-altay/467660/2a000001879623b166eec8159ebe2c6b48e5/orig
Ассенизационная машина;https://russia-skupka.ru/upload/iblock/d9f/d9ffb7202ee1fcccec30b7d2c4d63940.jpg
Ассенизационная машина;https://avatars.mds.yandex.net/get-ydo/1449941/2a0000018267c0b1f0b2bb9a3041e16bdeac/diploma
Ассенизационная машина;https://avatars.mds.yandex.net/get-altay/1453927/2a0000016883e6560fded230f2e7321c2d31/XXL_height
Ассенизационная машина;https://70.img.avito.st/image/1/1.Flysn7a4urXCN1q_jJcUW4U9uLMSNGC8-DS4txw2sr8a.e1KGrXabqkS_CKkwJFjB4iKkZHdPpN1pbeuNUnD8TOk
Ассенизационная машина;https://avatars.mds.yandex.net/i?id=42b2eca07c1fb93d1560102fde1c454d_l-5247089-images-thumbs&n=13
Ассенизационная машина;https://avatars.mds.yandex.net/get-ydo/1449941/2a0000016a7207ee2e021fd9821a876ab873/diploma
Ассенизационная машина;https://86.img.avito.st/image/1/J2b3S7aDi4-B5RmHtQdiTQnoj4lP7omJV-qJhUkohB1L6ImPQ64
Ассенизационная машина;https://avatars.mds.yandex.net/i?id=94a9dbf9241624d6ad368f5ff29603a6_l-5257451-images-thumbs&n=13
Ассенизационная машина;https://avatars.mds.yandex.net/i?id=3dfdb88155ad1b63742a71e70b8c5308_l-4592268-images-thumbs&n=13
Ассенизационная машина;https://avatars.mds.yandex.net/get-altay/10494556/2a0000018e784b8cdaf26d7474ceeb5efbe9/XXL_height
Ассенизационная машина;https://avatars.mds.yandex.net/get-altay/916509/2a000001607e93ce404324a280454653dba2/XXL_height
Ассенизационная машина;https://avatars.mds.yandex.net/get-ydo/3927445/2a00000180032b8cad21bb52d13e408bc1bf/diploma
Ассенизационная машина;https://avatars.mds.yandex.net/i?id=904a3ecaca512541b7f3f9eb8df08685_l-5222025-images-thumbs&n=13
Ассенизационная машина;https://avatars.mds.yandex.net/get-altay/2368846/2a00000174f7a40c420f086b5a7a40eca80f/XXL_height
Ассенизационная машина;https://img5.lalafo.com/i/posters/original/47/9f/04/otkachka-septik-47326730_image-1678649609.jpeg
Ассенизационная машина;https://avatars.mds.yandex.net/i?id=7de31bc61cd499f8001abcfb800626b65e503a8a-10330559-images-thumbs&n=13
Ассенизационная машина;https://cache3.youla.io/files/images/780_780/5b/18/5b18f3e5074b3e514c39a043.jpg
Ассенизационная машина;https://cache3.youla.io/files/images/720_720_out/5b/b3/5bb3267ff8efdc44482a8e94.jpg
Ассенизационная машина;https://avatars.mds.yandex.net/i?id=d4ba3636893e1d9f2b70cb4763e605d0b80bd8e7-9699538-images-thumbs&n=13
Ассенизационная машина;https://avatars.mds.yandex.net/i?id=00a32a6c79132371cc7c994f455aaffc_l-9863899-images-thumbs&n=13
Ассенизационная машина;https://avatars.mds.yandex.net/get-ydo/1523397/2a00000175e4bf63ed13d7284f7687de608c/diploma
Ассенизационная машина;https://avatars.mds.yandex.net/get-ydo/4421910/2a0000018d8819fbe8a40b5429ba06f1428c/diploma
Ассенизационная машина;https://avatars.mds.yandex.net/i?id=a30349cc50b76067bd0b520308e3b68c_l-5859136-images-thumbs&n=13
Строительный грохот;https://avatars.mds.yandex.net/i?id=033dd8f69828e7744a793709df777090c6319467-9220933-images-thumbs&n=13
Строительный грохот;https://tsc-drobilka.ru/upload/iblock/ac6/ac6f19c205ee9d1c86e5f8c4bf89af33.jpg
Строительный грохот;https://arendaspectehniki-spb.ru/assets/cache_image/assets/products/grohoty/Terex-Finlay-694-SUPERTRAK_0x488_94a.jpg
Строительный грохот;https://img.promportal.su/foto/good_fotos/79/797629/vibrogrohot-gusenichniy-s130_foto_largest.jpg
Строительный грохот;https://st20.stpulscen.ru/images/product/313/620/950_big.jpg
Строительный грохот;https://avatars.mds.yandex.net/i?id=8e4638707fea6caf62f8dd35c7040e5e_l-5249922-images-thumbs&n=13
Строительный грохот;https://avatars.mds.yandex.net/i?id=680b247a32bb214e1b14deb931dfab2a_l-5348870-images-thumbs&n=13
Строительный грохот;https://www.promaconline.net/siteart/slides/hero-crusher-2.jpg
Строительный грохот;https://avatars.dzeninfra.ru/get-zen_doc/1222191/pub_5df1dc87c49f2900b1d39931_5df1edb811691d00b1a5ef74/scale_1200
Строительный грохот;https://www.australiahqj.com/wp-content/uploads/2020/02/wirtgen-4.jpg
Строительный грохот;https://scat-co.ru/wp-content/uploads/2018/09/drobilka-003.jpg
Строительный грохот;https://agri-world.it/wp-content/uploads/2018/10/agriworld-hammers-crusher-frantoio-martelli-altamura-italy-12.jpg
Строительный грохот;https://tsc-drobilka.ru/upload/iblock/9c5/9c552968115ffd68fe652af581a8a2de.JPG
Строительный грохот;https://tsc-drobilka.ru/upload/iblock/66b/66b4018b5cb1c3ad5fd0517986543fbc.jpg
Строительный грохот;https://expomash.ru/wp-content/uploads/2020/05/mobilnye-proseivateli-ms-16-d-kleemann.jpg
Строительный грохот;https://mccourtequipment.com/wp-content/uploads/2020/08/S130_7.jpg
Строительный грохот;https://www.stavebni-technika.cz/images/resized/2013/1024x800-fit/2g-tridic-mccloskey-s190-3d-za-drticem.jpg
Строительный грохот;https://avatars.mds.yandex.net/i?id=665fdd81a068aa5b05cbe199926da061_l-5042164-images-thumbs&n=13
Строительный грохот;https://www.barahla.net/images/photo/1/20131029/6299234/big/138304812358559600_big.jpg
Строительный грохот;https://avatars.mds.yandex.net/i?id=fdd755b4f83edb83f8926b202834db05_l-8276455-images-thumbs&n=13
Строительный грохот;https://avatars.mds.yandex.net/i?id=c659b06b6dc044e896bce1243753715b_l-5233858-images-thumbs&n=13
Строительный грохот;https://avatars.mds.yandex.net/i?id=d19d44af78744fd67ea51d356374ae93_l-10956341-images-thumbs&n=13
Строительный грохот;https://avatars.mds.yandex.net/i?id=fc27328c95482d75d2a2b7f755522765f9285e7b063d0ad6-13285290-images-thumbs&n=13
Строительный грохот;https://i.ytimg.com/vi/HJ4FfK8d4uc/maxresdefault.jpg
Строительный грохот;https://avatars.mds.yandex.net/i?id=cb9cae4a438f89df2a19c3f00964d5af46fc1027-8238279-images-thumbs&n=13